{
  "perks": {
    "1": "{\"idIntern\":\"0001DAFE\",\"name\":\"Iron Fist\",\"rank\":1,\"attribute\":\"Strength\",\"attributeLevel\":1,\"characterLevel\":0,\"description\":\"Channel your chi to unleash devastating fury! Punching attacks do 20% more damage to your opponent.\",\"id\":1}",
    "2": "{\"idIntern\":\"0001DAFF\",\"name\":\"Iron Fist\",\"rank\":2,\"attribute\":\"Strength\",\"attributeLevel\":1,\"characterLevel\":9,\"description\":\"Punching attacks now do 40% more damage and can disarm your opponent.\",\"id\":2}",
    "3": "{\"idIntern\":\"0001DB00\",\"name\":\"Iron Fist\",\"rank\":3,\"attribute\":\"Strength\",\"attributeLevel\":1,\"characterLevel\":18,\"description\":\"Punching attacks now do 60% more damage. Unarmed Power Attacks have a chance to cripple one of your opponent's limbs.\",\"id\":3}",
    "4": "{\"idIntern\":\"00065E42\",\"name\":\"Iron Fist\",\"rank\":4,\"attribute\":\"Strength\",\"attributeLevel\":1,\"characterLevel\":31,\"description\":\"Punching attacks now do 80% more damage. Unarmed Power Attacks have an increased chance to cripple one of your opponent's limbs.\",\"id\":4}",
    "5": "{\"idIntern\":\"00065E43\",\"name\":\"Iron Fist\",\"rank\":5,\"attribute\":\"Strength\",\"attributeLevel\":1,\"characterLevel\":46,\"description\":\"Punching attacks now do double damage. Criticals in V.A.T.S. will paralyze your opponent.\",\"id\":5}",
    "6": "{\"idIntern\":\"0004A0B5\",\"name\":\"Big Leagues\",\"rank\":1,\"attribute\":\"Strength\",\"attributeLevel\":2,\"characterLevel\":0,\"description\":\"Swing for the fences! Do 20% more melee weapon damage.\",\"id\":6}",
    "7": "{\"idIntern\":\"000E36FC\",\"name\":\"Big Leagues\",\"rank\":2,\"attribute\":\"Strength\",\"attributeLevel\":2,\"characterLevel\":7,\"description\":\"You now do 40% more melee weapon damage and gain a chance to disarm your opponent.\",\"id\":7}",
    "8": "{\"idIntern\":\"000E36FD\",\"name\":\"Big Leagues\",\"rank\":3,\"attribute\":\"Strength\",\"attributeLevel\":2,\"characterLevel\":15,\"description\":\"You now do 60% more melee weapon damage and gain an increased chance to disarm your opponent.\",\"id\":8}",
    "9": "{\"idIntern\":\"000E36FE\",\"name\":\"Big Leagues\",\"rank\":4,\"attribute\":\"Strength\",\"attributeLevel\":2,\"characterLevel\":27,\"description\":\"You now do 80% more melee weapon damage and hit all targets in front of you.\",\"id\":9}",
    "10": "{\"idIntern\":\"00065E05\",\"name\":\"Big Leagues\",\"rank\":5,\"attribute\":\"Strength\",\"attributeLevel\":2,\"characterLevel\":42,\"description\":\"You now do double damage with a melee weapon, and gain a chance to cripple your opponent, or grand slam their head clean off!\",\"id\":10}",
    "11": "{\"idIntern\":\"0004B254\",\"name\":\"Armorer\",\"rank\":1,\"attribute\":\"Strength\",\"attributeLevel\":3,\"characterLevel\":0,\"description\":\"Protect yourself from the dangers of the Wasteland with access to base level and Rank 1 armor mods.\",\"id\":11}",
    "12": "{\"idIntern\":\"0004B255\",\"name\":\"Armorer\",\"rank\":2,\"attribute\":\"Strength\",\"attributeLevel\":3,\"characterLevel\":13,\"description\":\"You gain access to Rank 2 armor mods\",\"id\":12}",
    "13": "{\"idIntern\":\"0004B256\",\"name\":\"Armorer\",\"rank\":3,\"attribute\":\"Strength\",\"attributeLevel\":3,\"characterLevel\":25,\"description\":\"You gain access to Rank 3 armor mods\",\"id\":13}",
    "14": "{\"idIntern\":\"001797EA\",\"name\":\"Armorer\",\"rank\":4,\"attribute\":\"Strength\",\"attributeLevel\":3,\"characterLevel\":39,\"description\":\"You gain access to Rank 4 armor mods\",\"id\":14}",
    "15": "{\"idIntern\":\"0004B253\",\"name\":\"Blacksmith\",\"rank\":1,\"attribute\":\"Strength\",\"attributeLevel\":4,\"characterLevel\":0,\"description\":\"Fire up the forge and gain access to base level and Rank 1 melee weapon mods.\",\"id\":15}",
    "16": "{\"idIntern\":\"0004B26A\",\"name\":\"Blacksmith\",\"rank\":2,\"attribute\":\"Strength\",\"attributeLevel\":4,\"characterLevel\":16,\"description\":\"You gain access to Rank 2 melee weapon mods\",\"id\":16}",
    "17": "{\"idIntern\":\"000264D8\",\"name\":\"Blacksmith\",\"rank\":3,\"attribute\":\"Strength\",\"attributeLevel\":4,\"characterLevel\":29,\"description\":\"You gain access to Rank 3 melee weapon mods\",\"id\":17}",
    "18": "{\"idIntern\":\"0004A0D6\",\"name\":\"Heavy Gunner\",\"rank\":1,\"attribute\":\"Strength\",\"attributeLevel\":5,\"characterLevel\":0,\"description\":\"Thanks to practice and conditioning, heavy guns do 20% more damage.\",\"id\":18}",
    "19": "{\"idIntern\":\"0004A0D7\",\"name\":\"Heavy Gunner\",\"rank\":2,\"attribute\":\"Strength\",\"attributeLevel\":5,\"characterLevel\":11,\"description\":\"Heavy guns now do 40% more damage, and have improved hip fire accuracy.\",\"id\":19}",
    "20": "{\"idIntern\":\"0004A0D8\",\"name\":\"Heavy Gunner\",\"rank\":3,\"attribute\":\"Strength\",\"attributeLevel\":5,\"characterLevel\":21,\"description\":\"Heavy guns now do 60% more damage. Hip fire accuracy is increased even more.\",\"id\":20}",
    "21": "{\"idIntern\":\"00065E2A\",\"name\":\"Heavy Gunner\",\"rank\":4,\"attribute\":\"Strength\",\"attributeLevel\":5,\"characterLevel\":35,\"description\":\"Heavy guns now do 80% more damage and have a chance to stagger your opponent.\",\"id\":21}",
    "22": "{\"idIntern\":\"00065E2B\",\"name\":\"Heavy Gunner\",\"rank\":5,\"attribute\":\"Strength\",\"attributeLevel\":5,\"characterLevel\":47,\"description\":\"Heavy guns now do double damage.\",\"id\":22}",
    "23": "{\"idIntern\":\"0004B24E\",\"name\":\"Strong Back\",\"rank\":1,\"attribute\":\"Strength\",\"attributeLevel\":6,\"characterLevel\":0,\"description\":\"What are you, part pack mule? Gain +25 to carry weight\",\"id\":23}",
    "24": "{\"idIntern\":\"00065E5B\",\"name\":\"Strong Back\",\"rank\":2,\"attribute\":\"Strength\",\"attributeLevel\":6,\"characterLevel\":10,\"description\":\"You now have +50 to carry weight.\",\"id\":24}",
    "25": "{\"idIntern\":\"00065E5C\",\"name\":\"Strong Back\",\"rank\":3,\"attribute\":\"Strength\",\"attributeLevel\":6,\"characterLevel\":20,\"description\":\"When overencumbered, you can use Action Points to run.\",\"id\":25}",
    "26": "{\"idIntern\":\"001D2489\",\"name\":\"Strong Back\",\"rank\":4,\"attribute\":\"Strength\",\"attributeLevel\":6,\"characterLevel\":30,\"description\":\"When overencumbered, you can fast travel.\",\"id\":26}",
    "27": "{\"idIntern\":\"001D2487\",\"name\":\"Steady Aim\",\"rank\":1,\"attribute\":\"Strength\",\"attributeLevel\":7,\"characterLevel\":0,\"description\":\"Stay on target! Hip-fire accuracy is improved when firing any gun.\",\"id\":27}",
    "28": "{\"idIntern\":\"001D2488\",\"name\":\"Steady Aim\",\"rank\":2,\"attribute\":\"Strength\",\"attributeLevel\":7,\"characterLevel\":28,\"description\":\"Hip-fire accuracy is improved even more when firing any gun.\",\"id\":28}",
    "29": "{\"idIntern\":\"00065DF9\",\"name\":\"Basher\",\"rank\":1,\"attribute\":\"Strength\",\"attributeLevel\":8,\"characterLevel\":0,\"description\":\"Get up close and personal! Gun bashing does 25% more damage.\",\"id\":29}",
    "30": "{\"idIntern\":\"00065DFA\",\"name\":\"Basher\",\"rank\":2,\"attribute\":\"Strength\",\"attributeLevel\":8,\"characterLevel\":5,\"description\":\"Gun bashing now does 50% more damage and possibly cripples your opponent.\",\"id\":30}",
    "31": "{\"idIntern\":\"00065DFB\",\"name\":\"Basher\",\"rank\":3,\"attribute\":\"Strength\",\"attributeLevel\":8,\"characterLevel\":14,\"description\":\"Gun bashing now does 75% more damage and has an increased chance to cripple your opponent.\",\"id\":31}",
    "32": "{\"idIntern\":\"00065DFC\",\"name\":\"Basher\",\"rank\":4,\"attribute\":\"Strength\",\"attributeLevel\":8,\"characterLevel\":26,\"description\":\"Gun bashing does double damage and has an increased chance to cripple your opponent. It may also inflict a Critical Hit.\",\"id\":32}",
    "33": "{\"idIntern\":\"001D247F\",\"name\":\"Rooted\",\"rank\":1,\"attribute\":\"Strength\",\"attributeLevel\":9,\"characterLevel\":0,\"description\":\"You're part tree! While standing still, you gain +25 Damage Resistance and your melee and unarmed attacks deal 25% more damage.\",\"id\":33}",
    "34": "{\"idIntern\":\"001D2480\",\"name\":\"Rooted\",\"rank\":2,\"attribute\":\"Strength\",\"attributeLevel\":9,\"characterLevel\":22,\"description\":\"While standing still, you now gain +50 Damage Resistance and your melee and unarmed attacks deal 50% more damage.\",\"id\":34}",
    "35": "{\"idIntern\":\"001D2482\",\"name\":\"Rooted\",\"rank\":3,\"attribute\":\"Strength\",\"attributeLevel\":9,\"characterLevel\":43,\"description\":\"While standing still, you may automatically disarm enemies that use melee weapons against you.\",\"id\":35}",
    "36": "{\"idIntern\":\"0004D89B\",\"name\":\"Pain Train\",\"rank\":1,\"attribute\":\"Strength\",\"attributeLevel\":10,\"characterLevel\":0,\"description\":\"Choo Choo! All aboard! While wearing Power Armor,sprinting into enemies hurts and staggers them. (Robots and oversized enemies are immune to the stagger.) \",\"id\":36}",
    "37": "{\"idIntern\":\"00065E3C\",\"name\":\"Pain Train\",\"rank\":2,\"attribute\":\"Strength\",\"attributeLevel\":10,\"characterLevel\":24,\"description\":\"Sprinting into enemies while wearing Power Armor now causes severe damage and a more powerful stagger. (Robots and oversized enemies are immune to the stagger.)\",\"id\":37}",
    "38": "{\"idIntern\":\"00065E3D\",\"name\":\"Pain Train\",\"rank\":3,\"attribute\":\"Strength\",\"attributeLevel\":10,\"characterLevel\":50,\"description\":\"Sprinting into enemies while wearing Power Armor now causes massive damage and knocks them down. Impact landing near enemies inflicts even more damage.\",\"id\":38}",
    "39": "{\"idIntern\":\"0004D88A\",\"name\":\"Pickpocket\",\"rank\":1,\"attribute\":\"Perception\",\"attributeLevel\":1,\"characterLevel\":0,\"description\":\"Your quick hands and sticky fingers make picking pockets 25% easier.\",\"id\":39}",
    "40": "{\"idIntern\":\"000E3702\",\"name\":\"Pickpocket\",\"rank\":2,\"attribute\":\"Perception\",\"attributeLevel\":1,\"characterLevel\":6,\"description\":\"Picking pockets is now 50% easier. You can place a live grenade in a person's inventory.\",\"id\":40}",
    "41": "{\"idIntern\":\"000E3703\",\"name\":\"Pickpocket\",\"rank\":3,\"attribute\":\"Perception\",\"attributeLevel\":1,\"characterLevel\":17,\"description\":\"Picking pockets is now 75% easier, and you can steal equipped weapons.\",\"id\":41}",
    "42": "{\"idIntern\":\"001D248F\",\"name\":\"Pickpocket\",\"rank\":4,\"attribute\":\"Perception\",\"attributeLevel\":1,\"characterLevel\":30,\"description\":\"Picking pockets is now twice as easy, and you can steal equipped items.\",\"id\":42}",
    "43": "{\"idIntern\":\"0004A0B6\",\"name\":\"Rifleman\",\"rank\":1,\"attribute\":\"Perception\",\"attributeLevel\":2,\"characterLevel\":0,\"description\":\"Keep your distance long and your kill-count high. Attacks with non-automatic rifles do 20% more damage\",\"id\":43}",
    "44": "{\"idIntern\":\"0004A0B7\",\"name\":\"Rifleman\",\"rank\":2,\"attribute\":\"Perception\",\"attributeLevel\":2,\"characterLevel\":9,\"description\":\"Attacks with non-automatic rifles do 40% more damage and ignore 15% of a target's armor.\",\"id\":44}",
    "45": "{\"idIntern\":\"0004A0B8\",\"name\":\"Rifleman\",\"rank\":3,\"attribute\":\"Perception\",\"attributeLevel\":2,\"characterLevel\":18,\"description\":\"Attacks with non-automatic rifles do 60% more damage and ignore 20% of a target's armor.\",\"id\":45}",
    "46": "{\"idIntern\":\"0006FA20\",\"name\":\"Rifleman\",\"rank\":4,\"attribute\":\"Perception\",\"attributeLevel\":2,\"characterLevel\":31,\"description\":\"Attacks with non-automatic rifles do 80% more damage and ignore 25% of a target's armor. They also have a slight chance of crippling a limb.\",\"id\":46}",
    "47": "{\"idIntern\":\"00065E52\",\"name\":\"Rifleman\",\"rank\":5,\"attribute\":\"Perception\",\"attributeLevel\":2,\"characterLevel\":46,\"description\":\"Attacks with non-automatic rifles do double damage and ignore 30% of a target's armor. They also have a slightly higher chance of crippling a limb.\",\"id\":47}",
    "48": "{\"idIntern\":\"000D2287\",\"name\":\"Awareness\",\"rank\":1,\"attribute\":\"Perception\",\"attributeLevel\":3,\"characterLevel\":0,\"description\":\"To defeat your enemies, know their weaknesses! You can view a target's specific damage resistances in V.A.T.S.\",\"id\":48}",
    "49": "{\"idIntern\":\"000523FF\",\"name\":\"Locksmith\",\"rank\":1,\"attribute\":\"Perception\",\"attributeLevel\":4,\"characterLevel\":0,\"description\":\"Your nimble fingers allow you to pick advanced locks.\",\"id\":49}",
    "50": "{\"idIntern\":\"00052400\",\"name\":\"Locksmith\",\"rank\":2,\"attribute\":\"Perception\",\"attributeLevel\":4,\"characterLevel\":7,\"description\":\"You can pick Expert locks.\",\"id\":50}",
    "51": "{\"idIntern\":\"00052401\",\"name\":\"Locksmith\",\"rank\":3,\"attribute\":\"Perception\",\"attributeLevel\":4,\"characterLevel\":18,\"description\":\"You can pick Master locks.\",\"id\":51}",
    "52": "{\"idIntern\":\"001D246A\",\"name\":\"Locksmith\",\"rank\":4,\"attribute\":\"Perception\",\"attributeLevel\":4,\"characterLevel\":41,\"description\":\"Your bobby pins never break during lockpicking.\",\"id\":52}",
    "53": "{\"idIntern\":\"0004C923\",\"name\":\"Demolition Expert\",\"rank\":1,\"attribute\":\"Perception\",\"attributeLevel\":5,\"characterLevel\":0,\"description\":\"The bigger the boom, the better! Your explosives do 25% more damage, and you can craft explosives at any Chemistry Station. \",\"id\":53}",
    "54": "{\"idIntern\":\"0004C924\",\"name\":\"Demolition Expert\",\"rank\":2,\"attribute\":\"Perception\",\"attributeLevel\":5,\"characterLevel\":10,\"description\":\"Your explosives do 50% more damage, and grenades gain a throwing arc.\",\"id\":54}",
    "55": "{\"idIntern\":\"0004C925\",\"name\":\"Demolition Expert\",\"rank\":3,\"attribute\":\"Perception\",\"attributeLevel\":5,\"characterLevel\":22,\"description\":\"Your explosives do 75% more damage and affect a larger area.\",\"id\":55}",
    "56": "{\"idIntern\":\"00065E13\",\"name\":\"Demolition Expert\",\"rank\":4,\"attribute\":\"Perception\",\"attributeLevel\":5,\"characterLevel\":34,\"description\":\"Your explosives now do double damage. Mines and grenades shot in V.A.T.S explode for double damage, too.\",\"id\":56}",
    "57": "{\"idIntern\":\"0004C93B\",\"name\":\"Night Person (perk) | Night Person\",\"rank\":1,\"attribute\":\"Perception\",\"attributeLevel\":6,\"characterLevel\":0,\"description\":\"You are a creature of the night! Gain +2 to Intelligence and Perception between the hours of 6:00 p.m. and 6:00 a.m. \",\"id\":57}",
    "58": "{\"idIntern\":\"001D2495\",\"name\":\"Night Person (perk) | Night Person\",\"rank\":2,\"attribute\":\"Perception\",\"attributeLevel\":6,\"characterLevel\":25,\"description\":\"You now have +3 to Intelligence and Perception between the hours of 6:00 p.m. and 6:00 a.m., and night vision when sneaking.\",\"id\":58}",
    "59": "{\"idIntern\":\"000CA99D\",\"name\":\"Refractor\",\"rank\":1,\"attribute\":\"Perception\",\"attributeLevel\":7,\"characterLevel\":0,\"description\":\"You must be part mirror!  Instantly gain +10 Energy Resistance.\",\"id\":59}",
    "60": "{\"idIntern\":\"000CA99E\",\"name\":\"Refractor\",\"rank\":2,\"attribute\":\"Perception\",\"attributeLevel\":7,\"characterLevel\":11,\"description\":\"You now have +20 Energy Resistance.\",\"id\":60}",
    "61": "{\"idIntern\":\"000CA99F\",\"name\":\"Refractor\",\"rank\":3,\"attribute\":\"Perception\",\"attributeLevel\":7,\"characterLevel\":21,\"description\":\"You now have +30 Energy Resistance.\",\"id\":61}",
    "62": "{\"idIntern\":\"00065E4B\",\"name\":\"Refractor\",\"rank\":4,\"attribute\":\"Perception\",\"attributeLevel\":7,\"characterLevel\":35,\"description\":\"You now have +40 Energy Resistance.\",\"id\":62}",
    "63": "{\"idIntern\":\"00065E4C\",\"name\":\"Refractor\",\"rank\":5,\"attribute\":\"Perception\",\"attributeLevel\":7,\"characterLevel\":42,\"description\":\"You now have +50 Energy Resistance.\",\"id\":63}",
    "64": "{\"idIntern\":\"0004C92A\",\"name\":\"Sniper\",\"rank\":1,\"attribute\":\"Perception\",\"attributeLevel\":8,\"characterLevel\":0,\"description\":\" It's all about focus. You have improved control and can hold your breath longer when aiming with scopes.\",\"id\":64}",
    "65": "{\"idIntern\":\"0004C92B\",\"name\":\"Sniper\",\"rank\":2,\"attribute\":\"Perception\",\"attributeLevel\":8,\"characterLevel\":13,\"description\":\" Non-automatic, scoped rifles have a chance of knocking down your target.\",\"id\":65}",
    "66": "{\"idIntern\":\"0004C92C\",\"name\":\"Sniper\",\"rank\":3,\"attribute\":\"Perception\",\"attributeLevel\":8,\"characterLevel\":26,\"description\":\" Non-automatic, scoped rifles gain +25% accuracy to head shot in V.A.T.S.\",\"id\":66}",
    "67": "{\"idIntern\":\"00024AFF\",\"name\":\"Penetrator\",\"rank\":1,\"attribute\":\"Perception\",\"attributeLevel\":9,\"characterLevel\":0,\"description\":\"There's no place to hide! In V.A.T.S you can target an enemy's body parts that are blocked by cover, with a decrease in accuracy.\",\"id\":67}",
    "68": "{\"idIntern\":\"001D2477\",\"name\":\"Penetrator\",\"rank\":2,\"attribute\":\"Perception\",\"attributeLevel\":9,\"characterLevel\":28,\"description\":\"In V.A.T.S when you target an enemy's body parts that are blocked by cover, there is no decrease in accuracy.\",\"id\":68}",
    "69": "{\"idIntern\":\"0004D890\",\"name\":\"Concentrated Fire\",\"rank\":1,\"attribute\":\"Perception\",\"attributeLevel\":10,\"characterLevel\":0,\"description\":\"Stay Focused! In V.A.T.S every attack on the same body part gains +10% accuracy.\",\"id\":69}",
    "70": "{\"idIntern\":\"001D2459\",\"name\":\"Concentrated Fire\",\"rank\":2,\"attribute\":\"Perception\",\"attributeLevel\":10,\"characterLevel\":26,\"description\":\"In V.A.T.S every attack on the same body part gains +15% accuracy.\",\"id\":70}",
    "71": "{\"idIntern\":\"001D245A\",\"name\":\"Concentrated Fire\",\"rank\":3,\"attribute\":\"Perception\",\"attributeLevel\":10,\"characterLevel\":50,\"description\":\"In V.A.T.S every attack on the same body part gains +20% accuracy and does 20% more damage.\",\"id\":71}",
    "72": "{\"idIntern\":\"0004A0AB\",\"name\":\"Toughness\",\"rank\":1,\"attribute\":\"Endurance\",\"attributeLevel\":1,\"characterLevel\":0,\"description\":\"If nothing else, you can take a beating! Instantly gain +10 Damage Resistance\",\"id\":72}",
    "73": "{\"idIntern\":\"0004A0AE\",\"name\":\"Toughness\",\"rank\":2,\"attribute\":\"Endurance\",\"attributeLevel\":1,\"characterLevel\":9,\"description\":\"You now have +20 damage resistance.\",\"id\":73}",
    "74": "{\"idIntern\":\"0004A0AF\",\"name\":\"Toughness\",\"rank\":3,\"attribute\":\"Endurance\",\"attributeLevel\":1,\"characterLevel\":18,\"description\":\"You now have +30 damage resistance.\",\"id\":74}",
    "75": "{\"idIntern\":\"00065E5D\",\"name\":\"Toughness\",\"rank\":4,\"attribute\":\"Endurance\",\"attributeLevel\":1,\"characterLevel\":31,\"description\":\"You now have +40 damage resistance.\",\"id\":75}",
    "76": "{\"idIntern\":\"00065E5E\",\"name\":\"Toughness\",\"rank\":5,\"attribute\":\"Endurance\",\"attributeLevel\":1,\"characterLevel\":46,\"description\":\"You now have +50 damage resistance.\",\"id\":76}",
    "77": "{\"idIntern\":\"0004A0B9\",\"name\":\"Lead Belly\",\"rank\":1,\"attribute\":\"Endurance\",\"attributeLevel\":2,\"characterLevel\":0,\"description\":\"Your digestive tract has adjusted to the weirdness of the Wasteland! Take less radiation from eating or drinking.\",\"id\":77}",
    "78": "{\"idIntern\":\"00024B00\",\"name\":\"Lead Belly\",\"rank\":2,\"attribute\":\"Endurance\",\"attributeLevel\":2,\"characterLevel\":6,\"description\":\"You take even less radiation from eating or drinking.\",\"id\":78}",
    "79": "{\"idIntern\":\"00024B01\",\"name\":\"Lead Belly\",\"rank\":3,\"attribute\":\"Endurance\",\"attributeLevel\":2,\"characterLevel\":17,\"description\":\"You take no radiation from eating or drinking.\",\"id\":79}",
    "80": "{\"idIntern\":\"0004A0CF\",\"name\":\"Lifegiver\",\"rank\":1,\"attribute\":\"Endurance\",\"attributeLevel\":3,\"characterLevel\":0,\"description\":\"You embody wellness! Instantly gain +20 maximum Health.\",\"id\":80}",
    "81": "{\"idIntern\":\"001D2465\",\"name\":\"Lifegiver\",\"rank\":2,\"attribute\":\"Endurance\",\"attributeLevel\":3,\"characterLevel\":8,\"description\":\"You instantly gain another +20 maximum Health.\",\"id\":81}",
    "82": "{\"idIntern\":\"001D2467\",\"name\":\"Lifegiver\",\"rank\":3,\"attribute\":\"Endurance\",\"attributeLevel\":3,\"characterLevel\":20,\"description\":\"You instantly gain another +20 maximum Health, and slowly regenerate lost Health.\",\"id\":82}",
    "83": "{\"idIntern\":\"0004A0D5\",\"name\":\"Chem Resistant (perk) | Chem Resistant\",\"rank\":1,\"attribute\":\"Endurance\",\"attributeLevel\":4,\"characterLevel\":0,\"description\":\"All the rush without the hassle! You're 50% less likely to get addicted when consuming Chems\",\"id\":83}",
    "84": "{\"idIntern\":\"00065E0C\",\"name\":\"Chem Resistant (perk) | Chem Resistant\",\"rank\":2,\"attribute\":\"Endurance\",\"attributeLevel\":4,\"characterLevel\":22,\"description\":\"You gain complete immunity to chem addiction.\",\"id\":84}",
    "85": "{\"idIntern\":\"000E36F9\",\"name\":\"Aquaboy\",\"rank\":1,\"attribute\":\"Endurance\",\"attributeLevel\":5,\"characterLevel\":0,\"description\":\"Water is your ally. You no longer take radiation damage from swimming, and can breathe underwater \",\"id\":85}",
    "86": "{\"idIntern\":\"001D248D\",\"name\":\"Aquaboy\",\"rank\":2,\"attribute\":\"Endurance\",\"attributeLevel\":5,\"characterLevel\":21,\"description\":\"You become totally undetectable while submerged.\",\"id\":86}",
    "87": "{\"idIntern\":\"001D2479\",\"name\":\"Rad Resistant\",\"rank\":1,\"attribute\":\"Endurance\",\"attributeLevel\":6,\"characterLevel\":0,\"description\":\"Exposure to the Wasteland has made you more resilient, instantly granting +10 Radiation Resistance.\",\"id\":87}",
    "88": "{\"idIntern\":\"001D247A\",\"name\":\"Rad Resistant\",\"rank\":2,\"attribute\":\"Endurance\",\"attributeLevel\":6,\"characterLevel\":13,\"description\":\"You now have +20 Radiation Resistance.\",\"id\":88}",
    "89": "{\"idIntern\":\"001D247B\",\"name\":\"Rad Resistant\",\"rank\":3,\"attribute\":\"Endurance\",\"attributeLevel\":6,\"characterLevel\":26,\"description\":\"You now have +30 Radiation Resistance.\",\"id\":89}",
    "90": "{\"idIntern\":\"0004C92D\",\"name\":\"Adamantium Skeleton\",\"rank\":1,\"attribute\":\"Endurance\",\"attributeLevel\":7,\"characterLevel\":0,\"description\":\"Your skeleton has been infused with indestructible metal, reducing limb damage by 30%.\",\"id\":90}",
    "91": "{\"idIntern\":\"00024AFD\",\"name\":\"Adamantium Skeleton\",\"rank\":2,\"attribute\":\"Endurance\",\"attributeLevel\":7,\"characterLevel\":13,\"description\":\"Your limb damage is now reduced by 60%.\",\"id\":91}",
    "92": "{\"idIntern\":\"00024AFE\",\"name\":\"Adamantium Skeleton\",\"rank\":3,\"attribute\":\"Endurance\",\"attributeLevel\":7,\"characterLevel\":26,\"description\":\"Your limb damage is completely eliminated.\",\"id\":92}",
    "93": "{\"idIntern\":\"0004B259\",\"name\":\"Cannibal\",\"rank\":1,\"attribute\":\"Endurance\",\"attributeLevel\":8,\"characterLevel\":0,\"description\":\"Feast on mortal flesh to heal your wounds! Eating human corpses restores Health.\",\"id\":93}",
    "94": "{\"idIntern\":\"001D1A62\",\"name\":\"Cannibal\",\"rank\":2,\"attribute\":\"Endurance\",\"attributeLevel\":8,\"characterLevel\":19,\"description\":\"Eating Ghoul or Super Mutant corpses restores Health.\",\"id\":94}",
    "95": "{\"idIntern\":\"001D1A63\",\"name\":\"Cannibal\",\"rank\":3,\"attribute\":\"Endurance\",\"attributeLevel\":8,\"characterLevel\":38,\"description\":\"Eating human, Ghoul or Super Mutant corpses now restores a significant amount of Health.\",\"id\":95}",
    "96": "{\"idIntern\":\"0004D89E\",\"name\":\"Ghoulish\",\"rank\":1,\"attribute\":\"Endurance\",\"attributeLevel\":9,\"characterLevel\":0,\"description\":\"Sure, you're still human - on the outside! Radiation now regenerates your lost Health.\",\"id\":96}",
    "97": "{\"idIntern\":\"00065E22\",\"name\":\"Ghoulish\",\"rank\":2,\"attribute\":\"Endurance\",\"attributeLevel\":9,\"characterLevel\":24,\"description\":\"Radiation now regenerates even more of your lost Health.\",\"id\":97}",
    "98": "{\"idIntern\":\"00065E23\",\"name\":\"Ghoulish\",\"rank\":3,\"attribute\":\"Endurance\",\"attributeLevel\":9,\"characterLevel\":48,\"description\":\"Radiation now regenerates even more of your lost Health, and some Feral Ghouls will randomly become friendly.\",\"id\":98}",
    "99": "{\"idIntern\":\"0004D8A7\",\"name\":\"Solar Powered\",\"rank\":1,\"attribute\":\"Endurance\",\"attributeLevel\":10,\"characterLevel\":0,\"description\":\"Catch some rays! Gain +2 to Strength and Endurance between the hours of 6:00a.m. and 6:00p.m.\",\"id\":99}",
    "100": "{\"idIntern\":\"001D2484\",\"name\":\"Solar Powered\",\"rank\":2,\"attribute\":\"Endurance\",\"attributeLevel\":10,\"characterLevel\":27,\"description\":\"Sunlight slowly heals your radiation damage.\",\"id\":100}",
    "101": "{\"idIntern\":\"001D2485\",\"name\":\"Solar Powered\",\"rank\":3,\"attribute\":\"Endurance\",\"attributeLevel\":10,\"characterLevel\":50,\"description\":\"Sunlight slowly regenerates your lost Health.\",\"id\":101}",
    "102": "{\"idIntern\":\"001D2456\",\"name\":\"Cap Collector\",\"rank\":1,\"attribute\":\"Charisma\",\"attributeLevel\":1,\"characterLevel\":0,\"description\":\"You've mastered the art of the deal! Buying and selling prices at vendors are better.\",\"id\":102}",
    "103": "{\"idIntern\":\"000D75E2\",\"name\":\"Cap Collector\",\"rank\":2,\"attribute\":\"Charisma\",\"attributeLevel\":1,\"characterLevel\":20,\"description\":\"Buying and selling prices of vendors are now much better.\",\"id\":103}",
    "104": "{\"idIntern\":\"001D2457\",\"name\":\"Cap Collector\",\"rank\":3,\"attribute\":\"Charisma\",\"attributeLevel\":1,\"characterLevel\":41,\"description\":\"You can now invest a total of 500 caps to raise a store's buying capacity.\",\"id\":104}",
    "105": "{\"idIntern\":\"00019AA3-0004A0D4\",\"name\":\"Lady Killer / Black Widow\",\"rank\":1,\"attribute\":\"Charisma\",\"attributeLevel\":2,\"characterLevel\":0,\"description\":\"You're charming... and dangerous. Men/Women suffer +5% damage in combat, and are easier to persuade in dialogue.\",\"id\":105}",
    "106": "{\"idIntern\":\"00065E33-00065E31\",\"name\":\"Lady Killer / Black Widow\",\"rank\":2,\"attribute\":\"Charisma\",\"attributeLevel\":2,\"characterLevel\":7,\"description\":\"Men/Women now suffer +10% damage in combat, and are even easier to persuade in dialogue. They are also easier to pacify with the intimidation perk.\",\"id\":106}",
    "107": "{\"idIntern\":\"00065E34-00065E32\",\"name\":\"Lady Killer / Black Widow\",\"rank\":3,\"attribute\":\"Charisma\",\"attributeLevel\":2,\"characterLevel\":16,\"description\":\"Men/Women now suffer +15% damage in combat, and are much easier to persuade in dialogue. They are now even easier to pacify with the Intimidation perk.\",\"id\":107}",
    "108": "{\"idIntern\":\"001D246B\",\"name\":\"Lone Wanderer (perk) | Lone Wanderer\",\"rank\":1,\"attribute\":\"Charisma\",\"attributeLevel\":3,\"characterLevel\":0,\"description\":\"Who needs friends, anyway? When adventuring without a companion, you take 15% less damage and carry weight increases by 50.\",\"id\":108}",
    "109": "{\"idIntern\":\"001D246D\",\"name\":\"Lone Wanderer (perk) | Lone Wanderer\",\"rank\":2,\"attribute\":\"Charisma\",\"attributeLevel\":3,\"characterLevel\":17,\"description\":\"When adventuring without a companion, you take 20% less damage and carry weight increases by 100\",\"id\":109}",
    "110": "{\"idIntern\":\"001D246E\",\"name\":\"Lone Wanderer (perk) | Lone Wanderer\",\"rank\":3,\"attribute\":\"Charisma\",\"attributeLevel\":3,\"characterLevel\":40,\"description\":\"When adventuring without a companion, you do 25% more damage.\",\"id\":110}",
    "111": "{\"idIntern\":\"0004B26D\",\"name\":\"Attack Dog\",\"rank\":1,\"attribute\":\"Charisma\",\"attributeLevel\":4,\"characterLevel\":0,\"description\":\"Your faithful canine companion can hold an enemy, giving you a greater chance to hit them in V.A.T.S.\",\"id\":111}",
    "112": "{\"idIntern\":\"001D244D\",\"name\":\"Attack Dog\",\"rank\":2,\"attribute\":\"Charisma\",\"attributeLevel\":4,\"characterLevel\":9,\"description\":\"When your dog holds an enemy, there's a chance he'll cripple the limb he's biting.\",\"id\":112}",
    "113": "{\"idIntern\":\"001D244E\",\"name\":\"Attack Dog\",\"rank\":3,\"attribute\":\"Charisma\",\"attributeLevel\":4,\"characterLevel\":25,\"description\":\"When your dog holds an enemy, there's a chance he'll cause them to bleed.\",\"id\":113}",
    "114": "{\"idIntern\":\"0001E67F\",\"name\":\"Animal Friend\",\"rank\":1,\"attribute\":\"Charisma\",\"attributeLevel\":5,\"characterLevel\":0,\"description\":\"Commune with beasts! With your gun, aim at any animal below your level and gain a chance to pacify it.\",\"id\":114}",
    "115": "{\"idIntern\":\"0004A0D9\",\"name\":\"Animal Friend\",\"rank\":2,\"attribute\":\"Charisma\",\"attributeLevel\":5,\"characterLevel\":12,\"description\":\"When you successfully pacify an animal, you can incite it to attack\",\"id\":115}",
    "116": "{\"idIntern\":\"001D2450\",\"name\":\"Animal Friend\",\"rank\":3,\"attribute\":\"Charisma\",\"attributeLevel\":5,\"characterLevel\":28,\"description\":\"When you successfully pacify an animal, you can give it specific commands\",\"id\":116}",
    "117": "{\"idIntern\":\"0004D88D\",\"name\":\"Local Leader\",\"rank\":1,\"attribute\":\"Charisma\",\"attributeLevel\":6,\"characterLevel\":0,\"description\":\"As the ruler everyone turns to, you are able to establish supply lines between your workshop settlements.\",\"id\":117}",
    "118": "{\"idIntern\":\"001D2468\",\"name\":\"Local Leader\",\"rank\":2,\"attribute\":\"Charisma\",\"attributeLevel\":6,\"characterLevel\":14,\"description\":\"You can build stores and workstations at workshop settlements.\",\"id\":118}",
    "119": "{\"idIntern\":\"0004D887-0004D888\",\"name\":\"Party Boy / Party Girl\",\"rank\":1,\"attribute\":\"Charisma\",\"attributeLevel\":7,\"characterLevel\":0,\"description\":\"Nobody has a good time like you! There's no chance you'll get addicted to alcohol.\",\"id\":119}",
    "120": "{\"idIntern\":\"001D2473-001D2475\",\"name\":\"Party Boy / Party Girl\",\"rank\":2,\"attribute\":\"Charisma\",\"attributeLevel\":7,\"characterLevel\":15,\"description\":\"The effects of alcohol are doubled.\",\"id\":120}",
    "121": "{\"idIntern\":\"001D2474-001D2476\",\"name\":\"Party Boy / Party Girl\",\"rank\":3,\"attribute\":\"Charisma\",\"attributeLevel\":7,\"characterLevel\":37,\"description\":\"Your Luck is increased by 3 while you're under the influence of alcohol.\",\"id\":121}",
    "122": "{\"idIntern\":\"001D2461\",\"name\":\"Inspirational\",\"rank\":1,\"attribute\":\"Charisma\",\"attributeLevel\":8,\"characterLevel\":0,\"description\":\"Because you lead by example, your companion does more damage in combat, and cannot hurt you.\",\"id\":122}",
    "123": "{\"idIntern\":\"001D2462\",\"name\":\"Inspirational\",\"rank\":2,\"attribute\":\"Charisma\",\"attributeLevel\":8,\"characterLevel\":19,\"description\":\"Your companion resists more damage in combat, and can't be harmed by your attacks.\",\"id\":123}",
    "124": "{\"idIntern\":\"001D2463\",\"name\":\"Inspirational\",\"rank\":3,\"attribute\":\"Charisma\",\"attributeLevel\":8,\"characterLevel\":43,\"description\":\"Your companion can carry more items.\",\"id\":124}",
    "125": "{\"idIntern\":\"001D248A\",\"name\":\"Wasteland Whisperer\",\"rank\":1,\"attribute\":\"Charisma\",\"attributeLevel\":9,\"characterLevel\":0,\"description\":\"Master the post-apocalypse! With your gun, aim at any Wasteland creature below your level and gain a chance to pacify it.\",\"id\":125}",
    "126": "{\"idIntern\":\"001D248B\",\"name\":\"Wasteland Whisperer\",\"rank\":2,\"attribute\":\"Charisma\",\"attributeLevel\":9,\"characterLevel\":21,\"description\":\"When you successfully pacify a creature, you can incite it to attack.\",\"id\":126}",
    "127": "{\"idIntern\":\"001D248C\",\"name\":\"Wasteland Whisperer\",\"rank\":3,\"attribute\":\"Charisma\",\"attributeLevel\":9,\"characterLevel\":49,\"description\":\"When you successfully pacify a creature, you can give it specific commands.\",\"id\":127}",
    "128": "{\"idIntern\":\"001D02B5\",\"name\":\"Intimidation\",\"rank\":1,\"attribute\":\"Charisma\",\"attributeLevel\":10,\"characterLevel\":0,\"description\":\"Time to show everyone who's boss! With your gun, aim at any human opponent below your level and gain a chance to pacify them.\",\"id\":128}",
    "129": "{\"idIntern\":\"001D02B6\",\"name\":\"Intimidation\",\"rank\":2,\"attribute\":\"Charisma\",\"attributeLevel\":10,\"characterLevel\":23,\"description\":\"When you successfully pacify someone, you can incite them to attack.\",\"id\":129}",
    "130": "{\"idIntern\":\"001D02B7\",\"name\":\"Intimidation\",\"rank\":3,\"attribute\":\"Charisma\",\"attributeLevel\":10,\"characterLevel\":50,\"description\":\"When you successfully pacify someone, you can give them specific commands.\",\"id\":130}",
    "131": "{\"idIntern\":\"000207D1\",\"name\":\"V.A.N.S.\",\"rank\":1,\"attribute\":\"Intelligence\",\"attributeLevel\":1,\"characterLevel\":0,\"description\":\"Let Vault-Tec guide you! The path to your closest quest target is displayed in V.A.T.S.\",\"id\":131}",
    "132": "{\"idIntern\":\"0004C926\",\"name\":\"Medic (perk) | Medic\",\"rank\":1,\"attribute\":\"Intelligence\",\"attributeLevel\":2,\"characterLevel\":0,\"description\":\"Is there a doctor in the house? Stimpaks restore 40% of lost Health, and RadAway removes 40% of radiation.\",\"id\":132}",
    "133": "{\"idIntern\":\"0006FA1C\",\"name\":\"Medic (perk) | Medic\",\"rank\":2,\"attribute\":\"Intelligence\",\"attributeLevel\":2,\"characterLevel\":18,\"description\":\"Stimpaks restore 60% of lost Health, and RadAway removes 60% of radiation\",\"id\":133}",
    "134": "{\"idIntern\":\"0006FA1D\",\"name\":\"Medic (perk) | Medic\",\"rank\":3,\"attribute\":\"Intelligence\",\"attributeLevel\":2,\"characterLevel\":30,\"description\":\"Stimpaks restore 80% of lost Health, and RadAway removes 80% of radiation\",\"id\":134}",
    "135": "{\"idIntern\":\"00065E35\",\"name\":\"Medic (perk) | Medic\",\"rank\":4,\"attribute\":\"Intelligence\",\"attributeLevel\":2,\"characterLevel\":49,\"description\":\"Stimpaks and RadAway restore all lost health and radiation, and work much more quickly.\",\"id\":135}",
    "136": "{\"idIntern\":\"0004A0DA\",\"name\":\"Gun Nut\",\"rank\":1,\"attribute\":\"Intelligence\",\"attributeLevel\":3,\"characterLevel\":0,\"description\":\"You gain access to base level and Rank 1 gun mods\",\"id\":136}",
    "137": "{\"idIntern\":\"0004A0DB\",\"name\":\"Gun Nut\",\"rank\":2,\"attribute\":\"Intelligence\",\"attributeLevel\":3,\"characterLevel\":13,\"description\":\"You gain access to Rank 2 gun mods\",\"id\":137}",
    "138": "{\"idIntern\":\"0004A0DC\",\"name\":\"Gun Nut\",\"rank\":3,\"attribute\":\"Intelligence\",\"attributeLevel\":3,\"characterLevel\":25,\"description\":\"You gain access to Rank 3 gun mods\",\"id\":138}",
    "139": "{\"idIntern\":\"0016578E\",\"name\":\"Gun Nut\",\"rank\":4,\"attribute\":\"Intelligence\",\"attributeLevel\":3,\"characterLevel\":39,\"description\":\"You gain access to Rank 4 gun mods\",\"id\":139}",
    "140": "{\"idIntern\":\"00052403\",\"name\":\"Hacker\",\"rank\":1,\"attribute\":\"Intelligence\",\"attributeLevel\":4,\"characterLevel\":0,\"description\":\"Knowledge of cutting-edge computer encryption allows you to hack Advanced terminals\",\"id\":140}",
    "141": "{\"idIntern\":\"00052404\",\"name\":\"Hacker\",\"rank\":2,\"attribute\":\"Intelligence\",\"attributeLevel\":4,\"characterLevel\":9,\"description\":\"You can hack Expert terminals.\",\"id\":141}",
    "142": "{\"idIntern\":\"00052405\",\"name\":\"Hacker\",\"rank\":3,\"attribute\":\"Intelligence\",\"attributeLevel\":4,\"characterLevel\":21,\"description\":\"You can hack Master terminals.\",\"id\":142}",
    "143": "{\"idIntern\":\"001D245D\",\"name\":\"Hacker\",\"rank\":4,\"attribute\":\"Intelligence\",\"attributeLevel\":4,\"characterLevel\":33,\"description\":\"When hacking, you never get locked out of a terminal when things go wrong.\",\"id\":143}",
    "144": "{\"idIntern\":\"00065E65\",\"name\":\"Scrapper (perk) | Scrapper\",\"rank\":1,\"attribute\":\"Intelligence\",\"attributeLevel\":5,\"characterLevel\":0,\"description\":\"Waste not, want not!  You can salvage uncommon components like screws, aluminum, and copper when scrapping weapons and armor. \",\"id\":144}",
    "145": "{\"idIntern\":\"001D2483\",\"name\":\"Scrapper (perk) | Scrapper\",\"rank\":2,\"attribute\":\"Intelligence\",\"attributeLevel\":5,\"characterLevel\":23,\"description\":\"You can salvage rare components like circuitry, nuclear material, and fiber optics when scrapping weapons and armor. Items with favorited components are highlighted.\",\"id\":145}",
    "146": "{\"idIntern\":\"000264D9\",\"name\":\"Science!\",\"rank\":1,\"attribute\":\"Intelligence\",\"attributeLevel\":6,\"characterLevel\":0,\"description\":\"Take full advantage of advanced technology with access to base level and Rank 1 high-tech mods.\",\"id\":146}",
    "147": "{\"idIntern\":\"000264DA\",\"name\":\"Science!\",\"rank\":2,\"attribute\":\"Intelligence\",\"attributeLevel\":6,\"characterLevel\":17,\"description\":\"You gain access to Rank 2 high-tech mods.\",\"id\":147}",
    "148": "{\"idIntern\":\"000264DB\",\"name\":\"Science!\",\"rank\":3,\"attribute\":\"Intelligence\",\"attributeLevel\":6,\"characterLevel\":28,\"description\":\"You gain access to Rank 3 high-tech mods.\",\"id\":148}",
    "149": "{\"idIntern\":\"0016578F\",\"name\":\"Science!\",\"rank\":4,\"attribute\":\"Intelligence\",\"attributeLevel\":6,\"characterLevel\":41,\"description\":\"You gain access to Rank 4 high-tech mods.\",\"id\":149}",
    "150": "{\"idIntern\":\"000E36FF\",\"name\":\"Chemist\",\"rank\":1,\"attribute\":\"Intelligence\",\"attributeLevel\":7,\"characterLevel\":0,\"description\":\"Any chems you take last 50% longer. Far out.\",\"id\":150}",
    "151": "{\"idIntern\":\"000E3700\",\"name\":\"Chemist\",\"rank\":2,\"attribute\":\"Intelligence\",\"attributeLevel\":7,\"characterLevel\":16,\"description\":\"Any chems you take now last twice as long.\",\"id\":151}",
    "152": "{\"idIntern\":\"000E3701\",\"name\":\"Chemist\",\"rank\":3,\"attribute\":\"Intelligence\",\"attributeLevel\":7,\"characterLevel\":32,\"description\":\"Any chems you take now last an additional 150% longer.\",\"id\":152}",
    "153": "{\"idIntern\":\"001D2458\",\"name\":\"Chemist\",\"rank\":4,\"attribute\":\"Intelligence\",\"attributeLevel\":7,\"characterLevel\":45,\"description\":\"Any chems you take now last an additional 200% longer.\",\"id\":153}",
    "154": "{\"idIntern\":\"0004D889\",\"name\":\"Robotics Expert\",\"rank\":1,\"attribute\":\"Intelligence\",\"attributeLevel\":8,\"characterLevel\":0,\"description\":\"Machines will always serve humans, if you have anything to say about it. Hack a robot, and gain a chance to power it on or off, or initiate a self-destruct.\",\"id\":154}",
    "155": "{\"idIntern\":\"00065E64\",\"name\":\"Robotics Expert\",\"rank\":2,\"attribute\":\"Intelligence\",\"attributeLevel\":8,\"characterLevel\":19,\"description\":\"When you successfully hack a robot, you can incite it to attack.\",\"id\":155}",
    "156": "{\"idIntern\":\"001ACF96\",\"name\":\"Robotics Expert\",\"rank\":3,\"attribute\":\"Intelligence\",\"attributeLevel\":8,\"characterLevel\":44,\"description\":\"When you successfully hack a robot, you can give it specific commands.\",\"id\":156}",
    "157": "{\"idIntern\":\"001D246F\",\"name\":\"Nuclear Physicist\",\"rank\":1,\"attribute\":\"Intelligence\",\"attributeLevel\":9,\"characterLevel\":0,\"description\":\"You've learned to split the atom... and command it. Radiation weapons do 50% more damage and Fusion Cores last an extra 25% longer.\",\"id\":157}",
    "158": "{\"idIntern\":\"001D2470\",\"name\":\"Nuclear Physicist\",\"rank\":2,\"attribute\":\"Intelligence\",\"attributeLevel\":9,\"characterLevel\":14,\"description\":\"Radiation weapons now do double damage and Fusion Cores last an extra 50% longer.\",\"id\":158}",
    "159": "{\"idIntern\":\"001D2471\",\"name\":\"Nuclear Physicist\",\"rank\":3,\"attribute\":\"Intelligence\",\"attributeLevel\":9,\"characterLevel\":26,\"description\":\"Fusion Cores can be ejected from Power Armor like devastating grenades and Fusion Cores last twice as long.\",\"id\":159}",
    "160": "{\"idIntern\":\"0004D886\",\"name\":\"Nerd Rage!\",\"rank\":1,\"attribute\":\"Intelligence\",\"attributeLevel\":10,\"characterLevel\":0,\"description\":\"Genius. Is. ANGRY! When your Health drops below 20%, time slows and you gain +20 Damage resistance and do 20% more damage while the effect lasts.\",\"id\":160}",
    "161": "{\"idIntern\":\"00065E37\",\"name\":\"Nerd Rage!\",\"rank\":2,\"attribute\":\"Intelligence\",\"attributeLevel\":10,\"characterLevel\":31,\"description\":\"You now gain 30 more Damage Resistance and do 30% more damage while Nerd Rage is in effect.\",\"id\":161}",
    "162": "{\"idIntern\":\"00065E38\",\"name\":\"Nerd Rage!\",\"rank\":3,\"attribute\":\"Intelligence\",\"attributeLevel\":10,\"characterLevel\":50,\"description\":\"You now gain 40 more Damage Resistance and do 40% more damage while Nerd Rage is in effect. Kills you make while enraged restore some lost Health.\",\"id\":162}",
    "163": "{\"idIntern\":\"0004A09F\",\"name\":\"Gunslinger\",\"rank\":1,\"attribute\":\"Agility\",\"attributeLevel\":1,\"characterLevel\":0,\"description\":\"Channel the spirit of the old west! Non-automatic pistols do 20% more damage.\",\"id\":163}",
    "164": "{\"idIntern\":\"0004A0A9\",\"name\":\"Gunslinger\",\"rank\":2,\"attribute\":\"Agility\",\"attributeLevel\":1,\"characterLevel\":7,\"description\":\"Non-automatic pistols now do 40% more damage and have increased range.\",\"id\":164}",
    "165": "{\"idIntern\":\"0004A0AA\",\"name\":\"Gunslinger\",\"rank\":3,\"attribute\":\"Agility\",\"attributeLevel\":1,\"characterLevel\":15,\"description\":\"Non-automatic pistols now do 60% more damage and range is increased even further.\",\"id\":165}",
    "166": "{\"idIntern\":\"0006FA1E\",\"name\":\"Gunslinger\",\"rank\":4,\"attribute\":\"Agility\",\"attributeLevel\":1,\"characterLevel\":27,\"description\":\"Non-automatic pistols now do 80% more damage and their attacks can disarm opponents.\",\"id\":166}",
    "167": "{\"idIntern\":\"00065E24\",\"name\":\"Gunslinger\",\"rank\":5,\"attribute\":\"Agility\",\"attributeLevel\":1,\"characterLevel\":42,\"description\":\"Non-automatic pistols now do double damage. Their attacks have a much better chance to disarm opponents, and may even cripple a limb.\",\"id\":167}",
    "168": "{\"idIntern\":\"0004A0C5\",\"name\":\"Commando\",\"rank\":1,\"attribute\":\"Agility\",\"attributeLevel\":2,\"characterLevel\":0,\"description\":\"Rigorous combat training means automatic weapons do 20% more damage\",\"id\":168}",
    "169": "{\"idIntern\":\"0004A0C6\",\"name\":\"Commando\",\"rank\":2,\"attribute\":\"Agility\",\"attributeLevel\":2,\"characterLevel\":11,\"description\":\"Attacks with automatic weapons do 40% more damage, with improved hip fire accuracy.\",\"id\":169}",
    "170": "{\"idIntern\":\"0004A0C7\",\"name\":\"Commando\",\"rank\":3,\"attribute\":\"Agility\",\"attributeLevel\":2,\"characterLevel\":21,\"description\":\"Attacks with automatic weapons do 60% more damage. Hip fire accuracy is improved even more.\",\"id\":170}",
    "171": "{\"idIntern\":\"0006FA24\",\"name\":\"Commando\",\"rank\":4,\"attribute\":\"Agility\",\"attributeLevel\":2,\"characterLevel\":35,\"description\":\"Attacks with automatic weapons do 80% more damage and gain a chance to stagger opponents.\",\"id\":171}",
    "172": "{\"idIntern\":\"00065E0D\",\"name\":\"Commando\",\"rank\":5,\"attribute\":\"Agility\",\"attributeLevel\":2,\"characterLevel\":49,\"description\":\"Your automatic weapons now do double damage and have a greater chance to stagger opponents.\",\"id\":172}",
    "173": "{\"idIntern\":\"0004C935\",\"name\":\"Sneak (perk) | Sneak\",\"rank\":1,\"attribute\":\"Agility\",\"attributeLevel\":3,\"characterLevel\":0,\"description\":\"Become whisper, become shadow. You are 20% harder to detect while sneaking.\",\"id\":173}",
    "174": "{\"idIntern\":\"000B9882\",\"name\":\"Sneak (perk) | Sneak\",\"rank\":2,\"attribute\":\"Agility\",\"attributeLevel\":3,\"characterLevel\":5,\"description\":\"You are now 30% harder to detect while sneaking, and no longer trigger floor-based traps.\",\"id\":174}",
    "175": "{\"idIntern\":\"000B9883\",\"name\":\"Sneak (perk) | Sneak\",\"rank\":3,\"attribute\":\"Agility\",\"attributeLevel\":3,\"characterLevel\":12,\"description\":\"You are now 40% harder to detect while sneaking, and no longer trigger enemy mines.\",\"id\":175}",
    "176": "{\"idIntern\":\"000B9884\",\"name\":\"Sneak (perk) | Sneak\",\"rank\":4,\"attribute\":\"Agility\",\"attributeLevel\":3,\"characterLevel\":23,\"description\":\"You are now 50% harder to detect while sneaking, and running no longer adversely affects stealth.\",\"id\":176}",
    "177": "{\"idIntern\":\"000B9881\",\"name\":\"Sneak (perk) | Sneak\",\"rank\":5,\"attribute\":\"Agility\",\"attributeLevel\":3,\"characterLevel\":38,\"description\":\"Engaging stealth causes distant enemies to lose you.\",\"id\":177}",
    "178": "{\"idIntern\":\"0004B258\",\"name\":\"Mister Sandman\",\"rank\":1,\"attribute\":\"Agility\",\"attributeLevel\":4,\"characterLevel\":0,\"description\":\"As an agent of death, you can instantly kill a sleeping person.  Your silenced weapons do an additional 15% sneak attack damage.\",\"id\":178}",
    "179": "{\"idIntern\":\"001D2490\",\"name\":\"Mister Sandman\",\"rank\":2,\"attribute\":\"Agility\",\"attributeLevel\":4,\"characterLevel\":17,\"description\":\"Your silenced weapons do an additional 30% sneak attack damage.\",\"id\":179}",
    "180": "{\"idIntern\":\"001D2491\",\"name\":\"Mister Sandman\",\"rank\":3,\"attribute\":\"Agility\",\"attributeLevel\":4,\"characterLevel\":30,\"description\":\"Your silenced weapons now do 50% more sneak attack damage.\",\"id\":180}",
    "181": "{\"idIntern\":\"0004D869-0004D872\",\"name\":\"Action Boy/Action Girl\",\"rank\":1,\"attribute\":\"Agility\",\"attributeLevel\":5,\"characterLevel\":0,\"description\":\"There's no time to waste! Action Points regenerate 25% faster.\",\"id\":181}",
    "182": "{\"idIntern\":\"00065DF5-00065DF6\",\"name\":\"Action Boy/Action Girl\",\"rank\":2,\"attribute\":\"Agility\",\"attributeLevel\":5,\"characterLevel\":18,\"description\":\"Your Action Points now regenerate 50% faster.\",\"id\":182}",
    "183": "{\"idIntern\":\"0004DDEE\",\"name\":\"Moving Target\",\"rank\":1,\"attribute\":\"Agility\",\"attributeLevel\":6,\"characterLevel\":0,\"description\":\"They can't hurt what they can't hit! Get 25+ Damage Resistance and 25+ Energy Resistance when you're sprinting.\",\"id\":183}",
    "184": "{\"idIntern\":\"001D2492\",\"name\":\"Moving Target\",\"rank\":2,\"attribute\":\"Agility\",\"attributeLevel\":6,\"characterLevel\":24,\"description\":\"You now get +50 Damage Resistance and +50 Energy Resistance when you're sprinting.\",\"id\":184}",
    "185": "{\"idIntern\":\"001E0791\",\"name\":\"Moving Target\",\"rank\":3,\"attribute\":\"Agility\",\"attributeLevel\":6,\"characterLevel\":44,\"description\":\"Sprinting costs 50% fewer Action Points.\",\"id\":185}",
    "186": "{\"idIntern\":\"0004D8A6\",\"name\":\"Ninja\",\"rank\":1,\"attribute\":\"Agility\",\"attributeLevel\":7,\"characterLevel\":0,\"description\":\"Trained as a shadow warrior, your ranged sneak attack do 2.5x normal damage and your melee attacks do 4x normal damage.\",\"id\":186}",
    "187": "{\"idIntern\":\"000E3704\",\"name\":\"Ninja\",\"rank\":2,\"attribute\":\"Agility\",\"attributeLevel\":7,\"characterLevel\":16,\"description\":\"Your ranged sneak attacks do 3x normal damage and your melee sneak attacks do 5x normal damage.\",\"id\":187}",
    "188": "{\"idIntern\":\"000E3705\",\"name\":\"Ninja\",\"rank\":3,\"attribute\":\"Agility\",\"attributeLevel\":7,\"characterLevel\":33,\"description\":\"Your ranged sneak attacks do 3.5x normal damage and your melee sneak attacks do 10x normal damage.\",\"id\":188}",
    "189": "{\"idIntern\":\"000221FC\",\"name\":\"Quick Hands\",\"rank\":1,\"attribute\":\"Agility\",\"attributeLevel\":8,\"characterLevel\":0,\"description\":\"In combat, there's no time to hesitate. You can reload all guns faster.\",\"id\":189}",
    "190": "{\"idIntern\":\"001D2478\",\"name\":\"Quick Hands\",\"rank\":2,\"attribute\":\"Agility\",\"attributeLevel\":8,\"characterLevel\":28,\"description\":\"Reloading guns costs no Action Points in V.A.T.S.\",\"id\":190}",
    "191": "{\"idIntern\":\"001D2451\",\"name\":\"Blitz\",\"rank\":1,\"attribute\":\"Agility\",\"attributeLevel\":9,\"characterLevel\":0,\"description\":\"Find the gap and make the tackle! V.A.T.S. melee distance is increased significantly. \",\"id\":191}",
    "192": "{\"idIntern\":\"001D2452\",\"name\":\"Blitz\",\"rank\":2,\"attribute\":\"Agility\",\"attributeLevel\":9,\"characterLevel\":29,\"description\":\"V.A.T.S. melee distance is increased even more, and the farther the Blitz distance, the greater the damage.\",\"id\":192}",
    "193": "{\"idIntern\":\"0004D881\",\"name\":\"Gun Fu\",\"rank\":1,\"attribute\":\"Agility\",\"attributeLevel\":10,\"characterLevel\":0,\"description\":\"You've learned to apply ancient martial arts to gunplay! Do 25% more damage to your second V.A.T.S. target and beyond.\",\"id\":193}",
    "194": "{\"idIntern\":\"001D244F\",\"name\":\"Gun Fu\",\"rank\":2,\"attribute\":\"Agility\",\"attributeLevel\":10,\"characterLevel\":26,\"description\":\"In V.A.T.S. you do 50% more damage to your third target and beyond.\",\"id\":194}",
    "195": "{\"idIntern\":\"001D245C\",\"name\":\"Gun Fu\",\"rank\":3,\"attribute\":\"Agility\",\"attributeLevel\":10,\"characterLevel\":50,\"description\":\"In V.A.T.S. you instantly do a Critical Hit against your fourth target and beyond.\",\"id\":195}",
    "196": "{\"idIntern\":\"0004C942\",\"name\":\"Fortune Finder\",\"rank\":1,\"attribute\":\"Luck\",\"attributeLevel\":1,\"characterLevel\":0,\"description\":\"You find more bottle caps in containers.\",\"id\":196}",
    "197": "{\"idIntern\":\"001ACF98\",\"name\":\"Fortune Finder\",\"rank\":2,\"attribute\":\"Luck\",\"attributeLevel\":1,\"characterLevel\":5,\"description\":\"You find even more bottle caps in containers.\",\"id\":197}",
    "198": "{\"idIntern\":\"001ACF99\",\"name\":\"Fortune Finder\",\"rank\":3,\"attribute\":\"Luck\",\"attributeLevel\":1,\"characterLevel\":25,\"description\":\"You find even more bottle caps in containers.\",\"id\":198}",
    "199": "{\"idIntern\":\"00215CD4\",\"name\":\"Fortune Finder\",\"rank\":4,\"attribute\":\"Luck\",\"attributeLevel\":1,\"characterLevel\":40,\"description\":\" You find even more bottle caps in containers, and there is a chance of enemies exploding into a shower of caps when you kill them.\",\"id\":199}",
    "200": "{\"idIntern\":\"0004A0B0\",\"name\":\"Scrounger\",\"rank\":1,\"attribute\":\"Luck\",\"attributeLevel\":2,\"characterLevel\":0,\"description\":\"You find more ammunition in containers.\",\"id\":200}",
    "201": "{\"idIntern\":\"001ACF9A\",\"name\":\"Scrounger\",\"rank\":2,\"attribute\":\"Luck\",\"attributeLevel\":2,\"characterLevel\":7,\"description\":\"You find even more ammunition in containers.\",\"id\":201}",
    "202": "{\"idIntern\":\"001ACF9B\",\"name\":\"Scrounger\",\"rank\":3,\"attribute\":\"Luck\",\"attributeLevel\":2,\"characterLevel\":24,\"description\":\"You find even more ammunition in containers.\",\"id\":202}",
    "203": "{\"idIntern\":\"001EB99C\",\"name\":\"Scrounger\",\"rank\":4,\"attribute\":\"Luck\",\"attributeLevel\":2,\"characterLevel\":37,\"description\":\"You find even more ammunition in containers.\",\"id\":203}",
    "204": "{\"idIntern\":\"0004A0BB\",\"name\":\"Bloody Mess (perk) | Bloody Mess\",\"rank\":1,\"attribute\":\"Luck\",\"attributeLevel\":3,\"characterLevel\":0,\"description\":\"+5% bonus damage means enemies will sometimes explode into a gory red paste. Watch out for flying eyeballs!\",\"id\":204}",
    "205": "{\"idIntern\":\"001D2453\",\"name\":\"Bloody Mess (perk) | Bloody Mess\",\"rank\":2,\"attribute\":\"Luck\",\"attributeLevel\":3,\"characterLevel\":9,\"description\":\"You now inflict +10% damage in combat.\",\"id\":205}",
    "206": "{\"idIntern\":\"001D2454\",\"name\":\"Bloody Mess (perk) | Bloody Mess\",\"rank\":3,\"attribute\":\"Luck\",\"attributeLevel\":3,\"characterLevel\":31,\"description\":\"You now inflict +15% damage in combat.\",\"id\":206}",
    "207": "{\"idIntern\":\"001F418E\",\"name\":\"Bloody Mess (perk) | Bloody Mess\",\"rank\":4,\"attribute\":\"Luck\",\"attributeLevel\":3,\"characterLevel\":47,\"description\":\"When an enemy explodes, nearby enemies may suffer the same fate.\",\"id\":207}",
    "208": "{\"idIntern\":\"0004C929\",\"name\":\"Mysterious Stranger\",\"rank\":1,\"attribute\":\"Luck\",\"attributeLevel\":4,\"characterLevel\":0,\"description\":\"Who is he? Why does he help? Who cares! The Mysterious Stranger will appear occasionally in V.A.T.S. to lend a hand, with deadly efficiency...\",\"id\":208}",
    "209": "{\"idIntern\":\"001D2493\",\"name\":\"Mysterious Stranger\",\"rank\":2,\"attribute\":\"Luck\",\"attributeLevel\":4,\"characterLevel\":22,\"description\":\"The Mysterious Stranger appears more often in V.A.T.S.\",\"id\":209}",
    "210": "{\"idIntern\":\"001D2494\",\"name\":\"Mysterious Stranger\",\"rank\":3,\"attribute\":\"Luck\",\"attributeLevel\":4,\"characterLevel\":41,\"description\":\"The Mysterious Stranger appears more often in V.A.T.S. When he kills an opponent, there is a chance your Critical meter gets filled.\",\"id\":210}",
    "211": "{\"idIntern\":\"001D245E\",\"name\":\"Idiot Savant\",\"rank\":1,\"attribute\":\"Luck\",\"attributeLevel\":5,\"characterLevel\":0,\"description\":\"You're not stupid! Just... different. Randomly receive 3x XP from any action, and the lower your Intelligence, the greater the chance.\",\"id\":211}",
    "212": "{\"idIntern\":\"001D245F\",\"name\":\"Idiot Savant\",\"rank\":2,\"attribute\":\"Luck\",\"attributeLevel\":5,\"characterLevel\":11,\"description\":\"You now randomly receive 5x XP from any action. The lower your Intelligence, the greater the chance.\",\"id\":212}",
    "213": "{\"idIntern\":\"001D2460\",\"name\":\"Idiot Savant\",\"rank\":3,\"attribute\":\"Luck\",\"attributeLevel\":5,\"characterLevel\":34,\"description\":\"Randomly receiving bonus XP from any action may trigger 3x XP for all kills for a short period of time. The lower your intelligence, the greater the chance.\",\"id\":213}",
    "214": "{\"idIntern\":\"0004D87A\",\"name\":\"Better Criticals\",\"rank\":1,\"attribute\":\"Luck\",\"attributeLevel\":6,\"characterLevel\":0,\"description\":\"Advanced training for enhanced combat effectiveness! Criticals do 50% more extra damage.\",\"id\":214}",
    "215": "{\"idIntern\":\"00065E03\",\"name\":\"Better Criticals\",\"rank\":2,\"attribute\":\"Luck\",\"attributeLevel\":6,\"characterLevel\":15,\"description\":\"Your criticals now do twice as much extra damage.\",\"id\":215}",
    "216": "{\"idIntern\":\"00065E04\",\"name\":\"Better Criticals\",\"rank\":3,\"attribute\":\"Luck\",\"attributeLevel\":6,\"characterLevel\":40,\"description\":\"Your criticals now do 2.5x as much extra damage.\",\"id\":216}",
    "217": "{\"idIntern\":\"0004C91F\",\"name\":\"Critical Banker\",\"rank\":1,\"attribute\":\"Luck\",\"attributeLevel\":7,\"characterLevel\":0,\"description\":\"You're a patient battlefield tactician, and can save a Critical Hit, to be used in V.A.T.S. when you need it most.\",\"id\":217}",
    "218": "{\"idIntern\":\"0004C920\",\"name\":\"Critical Banker\",\"rank\":2,\"attribute\":\"Luck\",\"attributeLevel\":7,\"characterLevel\":17,\"description\":\"You can now save 2 Critical Hits, to be used in V.A.T.S. when you need them the most.\",\"id\":218}",
    "219": "{\"idIntern\":\"0004C921\",\"name\":\"Critical Banker\",\"rank\":3,\"attribute\":\"Luck\",\"attributeLevel\":7,\"characterLevel\":43,\"description\":\"You can now save 3 Critical Hits, to be used in V.A.T.S. when you need them the most. Banking a Critical has a chance to save an additional Critical.\",\"id\":219}",
    "220": "{\"idIntern\":\"0004D8A2\",\"name\":\"Grim Reaper's Sprint\",\"rank\":1,\"attribute\":\"Luck\",\"attributeLevel\":8,\"characterLevel\":0,\"description\":\"Death becomes you! Any kill in V.A.T.S. has a 15% chance to restore all Action Points.\",\"id\":220}",
    "221": "{\"idIntern\":\"00065E3E\",\"name\":\"Grim Reaper's Sprint\",\"rank\":2,\"attribute\":\"Luck\",\"attributeLevel\":8,\"characterLevel\":19,\"description\":\"Any kill in V.A.T.S. now has a 25% chance to restore all Action Points.\",\"id\":221}",
    "222": "{\"idIntern\":\"00065E3F\",\"name\":\"Grim Reaper's Sprint\",\"rank\":3,\"attribute\":\"Luck\",\"attributeLevel\":8,\"characterLevel\":46,\"description\":\"Any kill in V.A.T.S. has a 35% chance to restore all Action Points and refill your Critical meter.\",\"id\":222}",
    "223": "{\"idIntern\":\"0004D895\",\"name\":\"Four Leaf Clover\",\"rank\":1,\"attribute\":\"Luck\",\"attributeLevel\":9,\"characterLevel\":0,\"description\":\"Feeling Lucky? You should! Each hit in V.A.T.S. has a chance of filling your Critical meter.\",\"id\":223}",
    "224": "{\"idIntern\":\"00065E20\",\"name\":\"Four Leaf Clover\",\"rank\":2,\"attribute\":\"Luck\",\"attributeLevel\":9,\"characterLevel\":13,\"description\":\"Each hit in V.A.T.S. now has an even better chance of filling your Critical meter.\",\"id\":224}",
    "225": "{\"idIntern\":\"00065E21\",\"name\":\"Four Leaf Clover\",\"rank\":3,\"attribute\":\"Luck\",\"attributeLevel\":9,\"characterLevel\":32,\"description\":\"Each hit in V.A.T.S. now has a very good chance of filling your Critical meter.\",\"id\":225}",
    "226": "{\"idIntern\":\"001D245B\",\"name\":\"Four Leaf Clover\",\"rank\":4,\"attribute\":\"Luck\",\"attributeLevel\":9,\"characterLevel\":48,\"description\":\"Each hit in V.A.T.S. now has an excellent chance of filling your Critical meter.\",\"id\":226}",
    "227": "{\"idIntern\":\"001D247C\",\"name\":\"Ricochet\",\"rank\":1,\"attribute\":\"Luck\",\"attributeLevel\":10,\"characterLevel\":0,\"description\":\"What goes around comes around! Any enemy's ranged attacks will sometimes ricochet back and instantly kill them. The closer you are to death, the higher the chance.\",\"id\":227}",
    "228": "{\"idIntern\":\"001D247D\",\"name\":\"Ricochet\",\"rank\":2,\"attribute\":\"Luck\",\"attributeLevel\":10,\"characterLevel\":29,\"description\":\"There's an increased chance that an enemy's shot will ricochet back and kill them.\",\"id\":228}",
    "229": "{\"idIntern\":\"001D247E\",\"name\":\"Ricochet\",\"rank\":3,\"attribute\":\"Luck\",\"attributeLevel\":10,\"characterLevel\":50,\"description\":\"When an enemy's shot ricochets back and kills them, there is a chance your Critical meter gets filled.\",\"id\":229}"
  }
}
